emotion,recommendation
anger,Practice deep breathing exercises or meditation.
anger,Engage in physical activity like walking or running.
anger,Write down feelings in a journal to release frustration.
anger,Take a break and focus on a calming activity like coloring.
anger,Use stress-relief tools like a stress ball or fidget spinner.
boredom,"Try learning something new, like a simple skill or recipe."
boredom,Play a game or solve puzzles like Sudoku or crosswords.
boredom,Rearrange or clean a small area of your space.
boredom,"Explore a book, podcast, or online course."
boredom,Call or video chat with a friend or family member.
enthusiasm,Channel your energy into a creative project.
enthusiasm,Encourage others by sharing your enthusiasm.
enthusiasm,Take on a new challenge or set a personal goal.
enthusiasm,Celebrate your excitement with a small reward.
enthusiasm,Share your positive feelings with friends or family.
fun,Play a group game or participate in a recreational activity.
fun,Visit an amusement park or a fun destination.
fun,Organize a casual gathering with loved ones.
fun,Watch a comedy show or movie.
fun,Try a hands-on activity like baking or crafting.
happiness,Share your joy with someone by calling or meeting them.
happiness,Celebrate with a small reward or treat.
happiness,Engage in a favorite hobby or activity.
happiness,Spread positivity by doing a kind act for someone else.
happiness,Capture the moment in a journal or photo.
hate,Reflect on the root cause of your emotions through journaling.
hate,Practice empathy and try to understand different perspectives.
hate,Distract yourself with a hobby or positive activity.
hate,Talk to someone you trust to gain clarity.
hate,Engage in stress-relieving practices like yoga or meditation.
love,Express your feelings through a kind act or words.
love,Spend quality time with loved ones.
love,Celebrate your relationships with a thoughtful gesture.
love,Engage in shared activities to strengthen bonds.
love,Reflect on positive memories and express gratitude.
neutral,Engage in a light activity like reading or walking.
neutral,Listen to relaxing music to uplift your mood.
neutral,Practice mindfulness to stay present.
neutral,Explore an interest or hobby to create excitement.
neutral,Connect with someone you care about.
relief,Take a moment to appreciate your accomplishment or progress.
relief,Reward yourself with relaxation or a treat.
relief,Share your positive news with others.
relief,Reflect on what went well and learn from the experience.
relief,"Engage in an activity that brings you peace, like reading or gardening."
sadness,"Spend time outdoors, preferably in nature (e.g., parks)."
sadness,"Engage in a creative activity (e.g., drawing, writing, or playing music)."
sadness,Talk to a trusted friend or family member about feelings.
sadness,Watch a light-hearted movie or listen to uplifting music.
sadness,Practice gratitude by writing down three positive things daily.
surprise,Take time to process your emotions before reacting.
surprise,Share your experience with someone close.
surprise,Write down your thoughts to understand the situation better.
surprise,Use the surprise as a learning opportunity.
surprise,Celebrate positive surprises with gratitude.
surprise,Break down your concerns into manageable steps.
worry,Talk to someone for reassurance and support.
worry,Engage in a calming activity like meditation or yoga.
worry,Write a list of possible solutions to ease your mind.
worry,Distract yourself with a hobby or uplifting content.
anxiety,Practice mindfulness techniques like grounding exercises.
anxiety,Engage in light exercise like yoga or stretching.
anxiety,Limit screen time and avoid negative news.
anxiety,Sip a warm beverage like herbal tea for relaxation.
anxiety,Listen to guided relaxation or meditation audios.